<annotation>
	<folder>train</folder>
	<filename>GAMBAR26.jpg</filename>
	<path>E:\Latihan\TFLite_model_maker\logo_kampus\train\GAMBAR26.jpg</path>
	<source>
		<database>Unknown</database>
	</source>
	<size>
		<width>1920</width>
		<height>1080</height>
		<depth>3</depth>
	</size>
	<segmented>0</segmented>
	<object>
		<name>ITS</name>
		<pose>Unspecified</pose>
		<truncated>0</truncated>
		<difficult>0</difficult>
		<bndbox>
			<xmin>1250</xmin>
			<ymin>736</ymin>
			<xmax>1493</xmax>
			<ymax>992</ymax>
		</bndbox>
	</object>
	<object>
		<name>ITB</name>
		<pose>Unspecified</pose>
		<truncated>0</truncated>
		<difficult>0</difficult>
		<bndbox>
			<xmin>1397</xmin>
			<ymin>527</ymin>
			<xmax>1651</xmax>
			<ymax>772</ymax>
		</bndbox>
	</object>
	<object>
		<name>UI</name>
		<pose>Unspecified</pose>
		<truncated>0</truncated>
		<difficult>0</difficult>
		<bndbox>
			<xmin>1561</xmin>
			<ymin>321</ymin>
			<xmax>1806</xmax>
			<ymax>553</ymax>
		</bndbox>
	</object>
	<object>
		<name>UB</name>
		<pose>Unspecified</pose>
		<truncated>0</truncated>
		<difficult>0</difficult>
		<bndbox>
			<xmin>1334</xmin>
			<ymin>186</ymin>
			<xmax>1560</xmax>
			<ymax>407</ymax>
		</bndbox>
	</object>
	<object>
		<name>UNAIR</name>
		<pose>Unspecified</pose>
		<truncated>0</truncated>
		<difficult>0</difficult>
		<bndbox>
			<xmin>1095</xmin>
			<ymin>54</ymin>
			<xmax>1334</xmax>
			<ymax>301</ymax>
		</bndbox>
	</object>
	<object>
		<name>UNPAD</name>
		<pose>Unspecified</pose>
		<truncated>0</truncated>
		<difficult>0</difficult>
		<bndbox>
			<xmin>1186</xmin>
			<ymin>394</ymin>
			<xmax>1425</xmax>
			<ymax>624</ymax>
		</bndbox>
	</object>
	<object>
		<name>UGM</name>
		<pose>Unspecified</pose>
		<truncated>0</truncated>
		<difficult>0</difficult>
		<bndbox>
			<xmin>1067</xmin>
			<ymin>602</ymin>
			<xmax>1302</xmax>
			<ymax>834</ymax>
		</bndbox>
	</object>
	<object>
		<name>UNDIP</name>
		<pose>Unspecified</pose>
		<truncated>0</truncated>
		<difficult>0</difficult>
		<bndbox>
			<xmin>877</xmin>
			<ymin>476</ymin>
			<xmax>1096</xmax>
			<ymax>704</ymax>
		</bndbox>
	</object>
	<object>
		<name>IPB</name>
		<pose>Unspecified</pose>
		<truncated>0</truncated>
		<difficult>0</difficult>
		<bndbox>
			<xmin>993</xmin>
			<ymin>259</ymin>
			<xmax>1208</xmax>
			<ymax>504</ymax>
		</bndbox>
	</object>
</annotation>
