<annotation>
	<folder>train</folder>
	<filename>GAMBAR1.jpg</filename>
	<path>E:\Latihan\TFLite_model_maker\logo_kampus\train\GAMBAR1.jpg</path>
	<source>
		<database>Unknown</database>
	</source>
	<size>
		<width>1108</width>
		<height>1477</height>
		<depth>3</depth>
	</size>
	<segmented>0</segmented>
	<object>
		<name>ITS</name>
		<pose>Unspecified</pose>
		<truncated>0</truncated>
		<difficult>0</difficult>
		<bndbox>
			<xmin>193</xmin>
			<ymin>233</ymin>
			<xmax>424</xmax>
			<ymax>469</ymax>
		</bndbox>
	</object>
	<object>
		<name>ITB</name>
		<pose>Unspecified</pose>
		<truncated>0</truncated>
		<difficult>0</difficult>
		<bndbox>
			<xmin>146</xmin>
			<ymin>466</ymin>
			<xmax>398</xmax>
			<ymax>700</ymax>
		</bndbox>
	</object>
	<object>
		<name>UI</name>
		<pose>Unspecified</pose>
		<truncated>0</truncated>
		<difficult>0</difficult>
		<bndbox>
			<xmin>84</xmin>
			<ymin>704</ymin>
			<xmax>346</xmax>
			<ymax>984</ymax>
		</bndbox>
	</object>
	<object>
		<name>UB</name>
		<pose>Unspecified</pose>
		<truncated>0</truncated>
		<difficult>0</difficult>
		<bndbox>
			<xmin>370</xmin>
			<ymin>772</ymin>
			<xmax>578</xmax>
			<ymax>1015</ymax>
		</bndbox>
	</object>
	<object>
		<name>UNAIR</name>
		<pose>Unspecified</pose>
		<truncated>0</truncated>
		<difficult>0</difficult>
		<bndbox>
			<xmin>598</xmin>
			<ymin>809</ymin>
			<xmax>792</xmax>
			<ymax>1040</ymax>
		</bndbox>
	</object>
	<object>
		<name>UNPAD</name>
		<pose>Unspecified</pose>
		<truncated>0</truncated>
		<difficult>0</difficult>
		<bndbox>
			<xmin>396</xmin>
			<ymin>543</ymin>
			<xmax>600</xmax>
			<ymax>769</ymax>
		</bndbox>
	</object>
	<object>
		<name>UGM</name>
		<pose>Unspecified</pose>
		<truncated>0</truncated>
		<difficult>0</difficult>
		<bndbox>
			<xmin>418</xmin>
			<ymin>338</ymin>
			<xmax>610</xmax>
			<ymax>560</ymax>
		</bndbox>
	</object>
	<object>
		<name>UNDIP</name>
		<pose>Unspecified</pose>
		<truncated>0</truncated>
		<difficult>0</difficult>
		<bndbox>
			<xmin>626</xmin>
			<ymin>417</ymin>
			<xmax>781</xmax>
			<ymax>618</ymax>
		</bndbox>
	</object>
	<object>
		<name>IPB</name>
		<pose>Unspecified</pose>
		<truncated>0</truncated>
		<difficult>0</difficult>
		<bndbox>
			<xmin>627</xmin>
			<ymin>615</ymin>
			<xmax>761</xmax>
			<ymax>806</ymax>
		</bndbox>
	</object>
</annotation>
