<annotation>
	<folder>train</folder>
	<filename>GAMBAR18.jpg</filename>
	<path>E:\Latihan\TFLite_model_maker\logo_kampus\train\GAMBAR18.jpg</path>
	<source>
		<database>Unknown</database>
	</source>
	<size>
		<width>1920</width>
		<height>1080</height>
		<depth>3</depth>
	</size>
	<segmented>0</segmented>
	<object>
		<name>ITS</name>
		<pose>Unspecified</pose>
		<truncated>0</truncated>
		<difficult>0</difficult>
		<bndbox>
			<xmin>1039</xmin>
			<ymin>114</ymin>
			<xmax>1244</xmax>
			<ymax>347</ymax>
		</bndbox>
	</object>
	<object>
		<name>ITB</name>
		<pose>Unspecified</pose>
		<truncated>0</truncated>
		<difficult>0</difficult>
		<bndbox>
			<xmin>1050</xmin>
			<ymin>354</ymin>
			<xmax>1241</xmax>
			<ymax>562</ymax>
		</bndbox>
	</object>
	<object>
		<name>UI</name>
		<pose>Unspecified</pose>
		<truncated>0</truncated>
		<difficult>0</difficult>
		<bndbox>
			<xmin>1051</xmin>
			<ymin>570</ymin>
			<xmax>1231</xmax>
			<ymax>775</ymax>
		</bndbox>
	</object>
	<object>
		<name>UB</name>
		<pose>Unspecified</pose>
		<truncated>0</truncated>
		<difficult>0</difficult>
		<bndbox>
			<xmin>1257</xmin>
			<ymin>599</ymin>
			<xmax>1460</xmax>
			<ymax>805</ymax>
		</bndbox>
	</object>
	<object>
		<name>UNAIR</name>
		<pose>Unspecified</pose>
		<truncated>0</truncated>
		<difficult>0</difficult>
		<bndbox>
			<xmin>1493</xmin>
			<ymin>618</ymin>
			<xmax>1741</xmax>
			<ymax>860</ymax>
		</bndbox>
	</object>
	<object>
		<name>UNPAD</name>
		<pose>Unspecified</pose>
		<truncated>0</truncated>
		<difficult>0</difficult>
		<bndbox>
			<xmin>1255</xmin>
			<ymin>357</ymin>
			<xmax>1479</xmax>
			<ymax>585</ymax>
		</bndbox>
	</object>
	<object>
		<name>UGM</name>
		<pose>Unspecified</pose>
		<truncated>0</truncated>
		<difficult>0</difficult>
		<bndbox>
			<xmin>1251</xmin>
			<ymin>104</ymin>
			<xmax>1483</xmax>
			<ymax>346</ymax>
		</bndbox>
	</object>
	<object>
		<name>UNDIP</name>
		<pose>Unspecified</pose>
		<truncated>0</truncated>
		<difficult>0</difficult>
		<bndbox>
			<xmin>1515</xmin>
			<ymin>105</ymin>
			<xmax>1763</xmax>
			<ymax>347</ymax>
		</bndbox>
	</object>
	<object>
		<name>IPB</name>
		<pose>Unspecified</pose>
		<truncated>0</truncated>
		<difficult>0</difficult>
		<bndbox>
			<xmin>1516</xmin>
			<ymin>368</ymin>
			<xmax>1724</xmax>
			<ymax>605</ymax>
		</bndbox>
	</object>
</annotation>
