<annotation>
	<folder>train</folder>
	<filename>GAMBAR4.jpg</filename>
	<path>E:\Latihan\TFLite_model_maker\logo_kampus\train\GAMBAR4.jpg</path>
	<source>
		<database>Unknown</database>
	</source>
	<size>
		<width>1108</width>
		<height>1477</height>
		<depth>3</depth>
	</size>
	<segmented>0</segmented>
	<object>
		<name>UNAIR</name>
		<pose>Unspecified</pose>
		<truncated>0</truncated>
		<difficult>0</difficult>
		<bndbox>
			<xmin>642</xmin>
			<ymin>784</ymin>
			<xmax>895</xmax>
			<ymax>1000</ymax>
		</bndbox>
	</object>
	<object>
		<name>UB</name>
		<pose>Unspecified</pose>
		<truncated>0</truncated>
		<difficult>0</difficult>
		<bndbox>
			<xmin>396</xmin>
			<ymin>784</ymin>
			<xmax>618</xmax>
			<ymax>978</ymax>
		</bndbox>
	</object>
	<object>
		<name>UI</name>
		<pose>Unspecified</pose>
		<truncated>0</truncated>
		<difficult>0</difficult>
		<bndbox>
			<xmin>130</xmin>
			<ymin>769</ymin>
			<xmax>355</xmax>
			<ymax>966</ymax>
		</bndbox>
	</object>
	<object>
		<name>ITB</name>
		<pose>Unspecified</pose>
		<truncated>0</truncated>
		<difficult>0</difficult>
		<bndbox>
			<xmin>201</xmin>
			<ymin>624</ymin>
			<xmax>415</xmax>
			<ymax>766</ymax>
		</bndbox>
	</object>
	<object>
		<name>UNPAD</name>
		<pose>Unspecified</pose>
		<truncated>0</truncated>
		<difficult>0</difficult>
		<bndbox>
			<xmin>427</xmin>
			<ymin>632</ymin>
			<xmax>635</xmax>
			<ymax>778</ymax>
		</bndbox>
	</object>
	<object>
		<name>IPB</name>
		<pose>Unspecified</pose>
		<truncated>0</truncated>
		<difficult>0</difficult>
		<bndbox>
			<xmin>659</xmin>
			<ymin>641</ymin>
			<xmax>833</xmax>
			<ymax>786</ymax>
		</bndbox>
	</object>
	<object>
		<name>UNDIP</name>
		<pose>Unspecified</pose>
		<truncated>0</truncated>
		<difficult>0</difficult>
		<bndbox>
			<xmin>648</xmin>
			<ymin>524</ymin>
			<xmax>828</xmax>
			<ymax>649</ymax>
		</bndbox>
	</object>
	<object>
		<name>UGM</name>
		<pose>Unspecified</pose>
		<truncated>0</truncated>
		<difficult>0</difficult>
		<bndbox>
			<xmin>442</xmin>
			<ymin>520</ymin>
			<xmax>632</xmax>
			<ymax>635</ymax>
		</bndbox>
	</object>
	<object>
		<name>ITS</name>
		<pose>Unspecified</pose>
		<truncated>0</truncated>
		<difficult>0</difficult>
		<bndbox>
			<xmin>247</xmin>
			<ymin>493</ymin>
			<xmax>439</xmax>
			<ymax>623</ymax>
		</bndbox>
	</object>
</annotation>
