<annotation>
	<folder>train</folder>
	<filename>GAMBAR14.jpg</filename>
	<path>E:\Latihan\TFLite_model_maker\logo_kampus\train\GAMBAR14.jpg</path>
	<source>
		<database>Unknown</database>
	</source>
	<size>
		<width>1920</width>
		<height>1080</height>
		<depth>3</depth>
	</size>
	<segmented>0</segmented>
	<object>
		<name>ITS</name>
		<pose>Unspecified</pose>
		<truncated>0</truncated>
		<difficult>0</difficult>
		<bndbox>
			<xmin>1090</xmin>
			<ymin>704</ymin>
			<xmax>1310</xmax>
			<ymax>917</ymax>
		</bndbox>
	</object>
	<object>
		<name>UGM</name>
		<pose>Unspecified</pose>
		<truncated>0</truncated>
		<difficult>0</difficult>
		<bndbox>
			<xmin>863</xmin>
			<ymin>704</ymin>
			<xmax>1087</xmax>
			<ymax>912</ymax>
		</bndbox>
	</object>
	<object>
		<name>UNDIP</name>
		<pose>Unspecified</pose>
		<truncated>0</truncated>
		<difficult>0</difficult>
		<bndbox>
			<xmin>608</xmin>
			<ymin>697</ymin>
			<xmax>838</xmax>
			<ymax>911</ymax>
		</bndbox>
	</object>
	<object>
		<name>IPB</name>
		<pose>Unspecified</pose>
		<truncated>0</truncated>
		<difficult>0</difficult>
		<bndbox>
			<xmin>635</xmin>
			<ymin>479</ymin>
			<xmax>829</xmax>
			<ymax>692</ymax>
		</bndbox>
	</object>
	<object>
		<name>UNPAD</name>
		<pose>Unspecified</pose>
		<truncated>0</truncated>
		<difficult>0</difficult>
		<bndbox>
			<xmin>855</xmin>
			<ymin>475</ymin>
			<xmax>1084</xmax>
			<ymax>694</ymax>
		</bndbox>
	</object>
	<object>
		<name>ITB</name>
		<pose>Unspecified</pose>
		<truncated>0</truncated>
		<difficult>0</difficult>
		<bndbox>
			<xmin>1099</xmin>
			<ymin>485</ymin>
			<xmax>1316</xmax>
			<ymax>698</ymax>
		</bndbox>
	</object>
	<object>
		<name>UI</name>
		<pose>Unspecified</pose>
		<truncated>0</truncated>
		<difficult>0</difficult>
		<bndbox>
			<xmin>1131</xmin>
			<ymin>239</ymin>
			<xmax>1339</xmax>
			<ymax>478</ymax>
		</bndbox>
	</object>
	<object>
		<name>UB</name>
		<pose>Unspecified</pose>
		<truncated>0</truncated>
		<difficult>0</difficult>
		<bndbox>
			<xmin>877</xmin>
			<ymin>247</ymin>
			<xmax>1099</xmax>
			<ymax>456</ymax>
		</bndbox>
	</object>
	<object>
		<name>UNAIR</name>
		<pose>Unspecified</pose>
		<truncated>0</truncated>
		<difficult>0</difficult>
		<bndbox>
			<xmin>602</xmin>
			<ymin>220</ymin>
			<xmax>844</xmax>
			<ymax>465</ymax>
		</bndbox>
	</object>
</annotation>
